Title,Sentiment,Sentiment Reasoning,URL
Should You Buy Apple Stock Before May 1?,neutral,"The article does not provide a clear indication of whether Apple's performance is being positively or negatively impacted by the geopolitical tensions. It simply states that investors will want to know how the business is coping, suggesting a neutral sentiment.",https://www.fool.com/investing/2025/04/22/should-you-buy-apple-stock-before-may-1/?source=iedfolrf0000001
Is Berkshire Hathaway Stock a Buy Now?,positive,"Berkshire Hathaway has outperformed the broader market during the recent sell-off, and its diversified business model and strong cash position make it an attractive investment option.",https://www.fool.com/investing/2025/04/22/is-berkshire-hathaway-stock-a-buy-now/?source=iedfolrf0000001
"Despite Cutting Apple's Price Target, Wedbush's Dan Ives Remains Bullish on the Stock for the Long Term. Should You?",neutral,"The article presents a mixed outlook on Apple stock. While Ives remains bullish due to the iPhone's success and potential AI-driven upgrade cycle, the article also highlights Apple's slowing innovation, revenue growth, and high valuation compared to peers, making the long-term outlook uncertain.",https://www.fool.com/investing/2025/04/22/despite-apple-target-dan-ives-bullish-long-term/?source=iedfolrf0000001
"Pope Francis, The People's Pope, Dies At 88: Tributes Pour In From Trump, King Charles, Tim Cook, Joe Biden, Jimmy Fallon, And More",positive,"Tim Cook, the CEO of Apple, praised Pope Francis' life of 'extraordinary grace and deep compassion'.",https://www.benzinga.com/25/04/44916290/pope-francis-the-peoples-pope-dies-at-88-tributes-pour-in-from-trump-king-charles-tim-cook-joe-biden-jimmy-fallon
Are Netflix’s Lofty Ambitions Grounded in Reality?,positive,"The article presents a positive outlook on Netflix's ability to reach its $1 trillion market cap goal by 2030. It highlights the company's strong financial performance, strategic initiatives, and early mover advantage in the global streaming market.",https://www.investing.com/analysis/are-netflixs-lofty-ambitions-grounded-in-reality-200659766
This Volatile Market Is Made for Nickel-and-Diming These Names,positive,The article suggests that Apple's narrower range of daily price changes can serve as a training ground for investors looking to get comfortable with trading in volatile markets.,https://www.investing.com/analysis/this-volatile-market-is-made-for-nickelanddiming-these-names-200659748
"Italy Joins US To Oppose 'Discriminatory' Digital Taxes On Big Tech Giants Like Apple, Amazon, Google, And Meta",positive,"The article suggests that Italy's opposition to digital taxes on tech giants, including Apple, could benefit the company by creating a more favorable tax environment for its operations.",https://www.benzinga.com/25/04/44888491/italy-reaches-agreement-with-us-to-challenge-discriminatory-digital-taxes-on-big-tech-giants-like-apple-amazon-go
Apple Gets Some Relief from President Trump's Tariffs. Could That Turn the Stock Around?,neutral,"The article presents a mixed outlook for Apple. While the temporary tariff exemption provides some relief, the company still faces challenges in growing sales and potentially raising prices to offset tariff effects. The long-term impact of tariffs remains uncertain.",https://www.fool.com/investing/2025/04/18/apple-gets-some-relief-from-trumps-tariffs-could-t/?source=iedfolrf0000001
3 Tech Stocks Rebound on Tariff Relief — But One Faces Lingering Headwinds,positive,"The article states that Apple has a strong moat and brand loyalty, and the tariff relief is expected to benefit the company.",https://www.investing.com/analysis/3-tech-stocks-rebound-on-tariff-relief--but-one-faces-lingering-headwinds-200659684
The Best Warren Buffett Stocks to Buy With $60 Right Now,positive,"The article highlights Amazon's AWS division as a key player in the AI ecosystem, providing cloud computing services that enable AI startups to scale their infrastructure. AWS is contributing a significant portion of Amazon's operating income, making it a valuable asset for the company.",https://www.fool.com/investing/2025/04/18/best-warren-buffett-stocks-apple-amazon/?source=iedfolrf0000001
Prediction: Taiwan Semiconductor Could Surge by 128% in the Next 5 Years,positive,"The article suggests that Taiwan Semiconductor is well-positioned for growth over the next five years, with plans to expand its manufacturing facilities in the U.S. and a strong client base that includes major tech companies. The author believes the company's revenue growth will translate to stock price growth, making it a good investment opportunity.",https://www.fool.com/investing/2025/04/18/prediction-writer-pick-could-surge-by-x-in-the-nex/?source=iedfolrf0000001
5 Warren Buffett Stocks You Can Buy Right Now on Sale -- and 2 I'd Avoid (for Now),positive,"Berkshire Hathaway has held up well in the stock market downturn, indicating its resilience.",https://www.fool.com/investing/2025/04/18/5-warren-buffett-stocks-you-can-buy-right-now-on-s/?source=iedfolrf0000001
"The Best Warren Buffett Stocks to Buy With $1,000 Right Now",positive,"The article suggests that while Apple has faced some near-term challenges related to its AI efforts, it is still a strong long-term investment due to the company's overall strength and the growing importance of AI in the future.",https://www.fool.com/investing/2025/04/18/the-best-warren-buffett-stocks-to-buy-with-1000-ri/?source=iedfolrf0000001
Apple May Be Building AI Chips With Broadcom—And That Could Be Huge,positive,"The article suggests that Apple's potential partnership with Broadcom to develop AI chips could be a significant opportunity for Broadcom, indicating Apple's interest in this technology.",https://www.investing.com/analysis/apple-may-be-building-ai-chips-with-broadcomand-that-could-be-huge-200659650
This Tech Giant Is a Stock Buyback Leader. Here's What That Means for Investors.,neutral,"The article presents a balanced view on Apple's share buyback program. While it can benefit existing shareholders, the company's current valuation appears stretched, which raises questions about the effectiveness of the buyback strategy.",https://www.fool.com/investing/2025/04/17/tech-giant-stock-buyback-leader-means-investors/?source=iedfolrf0000001
Prediction: Warren Buffett Will Start Buying More Apple Stock This Quarter,positive,"The article suggests that Buffett likely added to his Apple position during the recent market sell-off, as the company's fundamentals remain strong and the reduced tax risk may have made it an appealing investment opportunity.",https://www.fool.com/investing/2025/04/17/prediction-warren-buffett-will-buy-more-apple-stoc/?source=iedfolrf0000001
What Nvidia and Semiconductor Investors Should Know About Recent National Security Investigation,neutral,"The article discusses a national security investigation affecting Nvidia, but does not provide a clear positive or negative sentiment towards the company.",https://www.fool.com/investing/2025/04/16/what-nvidia-and-semiconductor-investors-should-kno/?source=iedfolrf0000001
3 Key Reasons Warren Buffett Is Making Money Hand Over Fist Why the Stock Market Flounders -- and How You Could Too,positive,"Berkshire Hathaway has seen its net worth increase by billions in 2025 while the overall market has declined, due to its diversified portfolio, investments in tariff-resistant businesses, and large cash reserves.",https://www.fool.com/investing/2025/04/16/3-key-reasons-warren-buffett-is-making-money-hand/?source=iedfolrf0000001
"Got $2,000 to Invest? This Is 1 of the Smartest Vanguard ETFs to Buy and Hold for 20 Years.",positive,"The article recommends the Vanguard Dividend Appreciation ETF as a smart investment for long-term growth, citing its focus on dividend growth stocks and their historical outperformance.",https://www.fool.com/investing/2025/04/16/got-2000-to-invest-this-is-1-of-the-smartest-vangu/?source=iedfolrf0000001
Front-End Developer Technical Interview Preparation Course - Google Amazon Meta Apple Front-End Engineer Jobs 2025 Update,positive,"The article mentions that Interview Kickstart's Front-End Engineering course provides mock interviews with experienced engineers from companies like Google, indicating that Google is a top-tier tech company that values front-end engineering skills.",https://www.globenewswire.com/news-release/2025/04/15/3062200/0/en/Front-End-Developer-Technical-Interview-Preparation-Course-Google-Amazon-Meta-Apple-Front-End-Engineer-Jobs-2025-Update.html
"Apple Dodged a Bullet, but the Stock Still Isn't a Buy",negative,"The article suggests that Apple faces several headwinds, including potential tariffs on its devices and the risk of an economic downturn, which could negatively impact iPhone sales and profits. The author also believes Apple's stock is overvalued given these risks.",https://www.fool.com/investing/2025/04/15/apple-dodged-a-bullet-but-the-stock-still-isnt-a-b/?source=iedfolrf0000001
What Nvidia and Tech Investors Should Know About Recent Tariff Updates,positive,"The Motley Fool has a position in Nvidia and recommends the stock, indicating a positive sentiment.",https://www.fool.com/investing/2025/04/15/what-nvidia-and-tech-investors-should-know-about-r/?source=iedfolrf0000001
1 Spectacular Vanguard ETF to Buy With $550 During the Tech Bear Market,positive,"Apple's products are expected to be removed from the reciprocal tariffs, which will benefit the company.",https://www.fool.com/investing/2025/04/15/1-spectacular-vanguard-etf-to-buy-with-550-during/?source=iedfolrf0000001
Apple Stock Dropped 30% From Its High. History Says This Will Happen Next.,negative,"Apple stock has declined 33% due to escalating trade tensions with China, which could impact the company's manufacturing and sales. Additionally, the company is struggling to generate excitement for its new artificial intelligence features.",https://www.fool.com/investing/2025/04/15/apple-stock-dropped-30-high-this-will-happen-next/?source=iedfolrf0000001
Is Apple Stock a Buy After Tariff Pause?,positive,"The temporary pause on the 125% tariffs was a relief for Apple, as a large portion of its iPhones are manufactured in China. This led to a surge in the stock price, though uncertainty remains as Apple is still subject to the initial 20% tariffs.",https://www.investing.com/analysis/is-apple-stock-a-buy-after-tariff-pause-200659472
What's Going On With Nio Stock Monday?,positive,"Nio stock traded higher due to the tariff exemption on electronics, which could benefit the company's recently launched smartphone.",https://www.benzinga.com/news/global/25/04/44801354/whats-going-on-with-nio-stock-monday-2
Top Data Scientist Jobs at Google Amazon Meta Apple Netflix - Data Science Interview Preparation Course 2025,positive,"The article mentions that the Data Science Interview Masterclass course prepares participants for top data scientist jobs at companies like Google, indicating that the course is designed to help participants secure jobs at leading tech companies.",https://www.globenewswire.com/news-release/2025/04/14/3061196/0/en/Top-Data-Scientist-Jobs-at-Google-Amazon-Meta-Apple-Netflix-Data-Science-Interview-Preparation-Course-2025.html
"Why Palantir, Apple, and Micron Rallied Monday",positive,"Palantir's Artificial Intelligence Platform has seen robust adoption, fueling accelerating sales and profit growth. The company also secured a contract with NATO, suggesting it could benefit from modernization efforts by the U.S. and its allies.",https://www.fool.com/investing/2025/04/14/why-palantir-apple-and-micron-rallied-monday/?source=iedfolrf0000001
7 Chipmaker Stocks Set To Gain As Trump Delays Tariff Blow On Key China Tech Imports: Bank Of America,positive,"The analyst noted that Apple, the world's largest semiconductor buyer, was excluded from tariff pressure during Trump's first term.",https://www.benzinga.com/news/large-cap/25/04/44794083/7-chipmaker-stocks-set-to-gain-as-trump-delays-tariff-blow-on-key-china-tech-imports-bank-of-ameri
3 Keys to Avoiding Mistakes in Today's Market,neutral,"The article mentions that Travis Hoium has positions in MGM Resorts International, but does not provide any specific commentary or analysis on the company.",https://www.fool.com/investing/2025/04/14/3-keys-to-avoiding-mistakes-in-todays-market/?source=iedfolrf0000001
Tariff-Sensitive Stocks Apple and Nike Are Getting Clobbered. Time to Buy?,neutral,"Apple faces significant exposure to tariffs, especially in China, which is a key market for the company. However, the article notes that Apple has made efforts to diversify its manufacturing and has a strong ecosystem of services that could help offset the tariff impact. The author suggests waiting for Apple's upcoming earnings call to get more clarity on the company's strategy.",https://www.fool.com/investing/2025/04/13/tariff-sensitive-stocks-apple-nike-buy/?source=iedfolrf0000001
Warren Buffett's $334 Billion Warning to Wall Street Rang Out Loud and Clear Before the Market Turmoil. Here's Some Buffett Wisdom on What to Do Now.,positive,"The article mentions that Buffett reduced his position in Apple, one of his favorite stocks, suggesting he sees long-term value in the company.",https://www.fool.com/investing/2025/04/13/warren-buffetts-334-billion-warning-to-wall-street/?source=iedfolrf0000001
"Apple Stock Plunged on Tariff News, But It's Proving to Be Unstoppable in Another Lucrative Area",positive,"Despite the potential impact of tariffs, Apple is finding success in its financial services business, which is growing rapidly and attracting interest from major partners.",https://www.fool.com/investing/2025/04/13/apple-stock-plunged-tariff-unstoppable/?source=iedfolrf0000001
Apple Stock's 27% Crash: Here's Where I Predict It Will Trade Next,negative,The article suggests that the tariffs on imports from China could have a significant negative impact on Apple's business. The increased costs of manufacturing iPhones in China and the potential for declining demand due to higher prices could lead to a decline in Apple's profits and earnings.,https://www.fool.com/investing/2025/04/13/apple-stocks-27-crash-heres-where-i-predict-it-wil/?source=iedfolrf0000001
Stock Market Sell-Off: The Best Warren Buffett Stocks to Buy Now,positive,"The article highlights Apple's strong brand, robust profits, growing services segment, and potential for further growth with the rollout of Apple Intelligence, making it a solid long-term investment.",https://www.fool.com/investing/2025/04/13/stock-market-sell-off-best-buffett-stocks-buy-now/?source=iedfolrf0000001
"The Best Trillion-Dollar Stock to Buy Now, According to Wall Street",positive,"Nvidia is the market leader in AI accelerators and networking gear, and is well positioned to benefit from the robotics revolution. Wall Street expects Nvidia's adjusted earnings to increase at 38% annually during the next two years, making the current valuation look cheap.",https://www.fool.com/investing/2025/04/13/best-trillion-dollar-stock-buy-now-wall-st-nvidia/?source=iedfolrf0000001
"Consumer Tech News (April 7-April 11): US President Puts 90-Days Pause On Tariffs, Microsoft May Cut Jobs & More",positive,"Apple is shifting more iPhone production to India to mitigate the impact of tariffs, and consumers are rushing to buy iPhones before potential price hikes.",https://www.benzinga.com/news/large-cap/25/04/44778503/consumer-tech-news-april-7-april-11-us-president-puts-90-days-pause-on-tariffs-microsoft-may-cut-j
"Trump And Xi Jinping's Tariff Threats May Be 'Just For The LOLz,' Says Analyst: 'It's Not Like This Is A Great Financial Crisis'",negative,"Apple relies heavily on Chinese manufacturing for most of its products, placing it squarely in the crosshairs of ongoing trade tensions.",https://www.benzinga.com/news/global/25/04/44777185/trump-and-xi-jinpings-tariff-threats-may-be-just-for-the-lolz-says-analyst-its-not-like-this-is-a-gre
How to Invest in Today's Market,positive,"The Motley Fool has positions in and recommends Apple, indicating a positive sentiment towards the company.",https://www.fool.com/investing/2025/04/11/how-to-invest-in-todays-market/?source=iedfolrf0000001
"President Donald Trump Delivers Huge News for Investors! What It Means for Nvidia, Tesla, and Apple.",positive,"The pausing of tariffs is expected to have a positive impact on Nvidia's business and stock performance, as it may reduce the company's costs and improve its competitiveness.",https://www.fool.com/investing/2025/04/11/president-donald-trump-delivers-huge-news-for-inve/?source=iedfolrf0000001
"US Stocks Likely To Open Lower As Volatility Persists Before Bank Earnings: 'Fed Is Likely To Cut Rates Again On June 18th,' Says Expert",negative,Apple stock declined 4% on Thursday as a significant individual stock decliner.,https://www.benzinga.com/25/04/44756747/us-stocks-set-to-open-lower-amid-volatility-ahead-of-major-bank-earnings-fed-is-likely-to-cut-rates-again-on-june
3 Ways to Keep Your Portfolio Safe During Tariff Volatility,positive,"The article suggests that Apple, despite being affected by tariffs due to its dependence on manufacturing in Asia, is a well-run, financially sound company that should be able to adjust and deliver profits even if tariffs persist.",https://www.fool.com/investing/2025/04/11/3-ways-to-keep-your-portfolio-safe-during-tariff-v/?source=iedfolrf0000001
Should You Really Buy Stocks During Market Turmoil? History Offers an Answer That May Surprise You.,positive,"The article uses Microsoft as an example of a quality stock that suffered during the dot-com bubble but went on to deliver significant long-term gains, demonstrating the potential for buying quality stocks during market downturns.",https://www.fool.com/investing/2025/04/11/should-you-really-buy-stocks-during-market-turmoil/?source=iedfolrf0000001
Broadcom Avoids the Worst of Trump’s Tariffs — But for How Long?,neutral,"Broadcom has avoided the worst of the tariffs so far, but the article suggests its indirect exposure through its supply chain and customer relationships could still be a significant risk going forward.",https://www.investing.com/analysis/broadcom-avoids-the-worst-of-trumps-tariffs--but-for-how-long-200659361
1 Unstoppable Investment Strategy for Buying Bitcoin During a Market Decline,neutral,"The article compares the returns of a Bitcoin DCA strategy to that of investing in Apple, noting that the former outperformed the latter over a 5-year period.",https://www.fool.com/investing/2025/04/10/unstoppable-investment-strategy-for-buying-bitcoin/?source=iedfolrf0000001
"March Inflation Rate Cools Far More Than Expected, Raises Hopes For Near-Term Fed Rate Cuts",negative,"Apple's stock was down 3.5% in premarket trading after closing 15% higher the previous day, as investors reacted to the cooling inflation data.",https://www.benzinga.com/news/econ-s/25/04/44733390/march-inflation-rate-cools-far-more-than-expected-raises-hopes-for-near-term-fed-rate-cuts
US Stocks Likely To Open Lower Ahead Of March Inflation Release: Expert Highlights 'Fairly Weak Returns' After 5%+ Gains In S&P 500,positive,Apple stock surged over 15% on Wednesday after the tariff pause announcement.,https://www.benzinga.com/news/earnings/25/04/44729572/us-stocks-likely-to-open-lower-ahead-of-march-inflation-release-expert-highlights-fairly-weak-retur
